index,Datetime,Open,High,Low,Close,Volume,Pivot,BC,TC,R1,S1,R2,S2,R3,S3,Stock
0,2022-12-02T00:00:00,678.0,678.0,670.4,674.4,1355083,674.27,674.2,674.33,678.13,670.53,681.87,666.67,685.73,662.8,AARTIIND
1,2022-12-02T00:00:00,2995.35,3009.0,2922.2,2976.2,880307,2969.13,2965.6,2972.67,3016.07,2929.27,3055.93,2882.33,3102.87,2835.4,ABB
2,2022-12-02T00:00:00,2589.0,2625.65,2555.0,2610.0,1630959,2596.88,2590.32,2603.44,2638.77,2568.12,2667.53,2526.23,2709.42,2484.35,ACC
3,2022-12-02T00:00:00,3905.0,3963.8,3885.0,3915.0,2593183,3921.27,3924.4,3918.13,3957.53,3878.73,4000.07,3842.47,4036.33,3806.2,ADANIENT
4,2022-12-02T00:00:00,646.0,658.2,645.05,651.05,2471484,651.43,651.62,651.24,657.82,644.67,664.58,638.28,670.97,631.9,AMARAJABAT
5,2022-12-02T00:00:00,4771.0,4882.95,4743.05,4864.9,1990939,4830.3,4813.0,4847.6,4917.55,4777.65,4970.2,4690.4,5057.45,4603.15,APOLLOHOSP
6,2022-12-02T00:00:00,317.4,320.85,315.4,318.25,6533695,318.17,318.12,318.21,320.93,315.48,323.62,312.72,326.38,309.95,APOLLOTYRE
7,2022-12-02T00:00:00,149.0,149.3,145.1,146.2,27764973,146.87,147.2,146.53,148.63,144.43,151.07,142.67,152.83,140.9,ASHOKLEY
8,2022-12-02T00:00:00,148.85,151.0,148.5,150.2,18029185,149.9,149.75,150.05,151.3,148.8,152.4,147.4,153.8,146.0,IEX
9,2022-12-02T00:00:00,3173.15,3174.3,3134.0,3143.0,1860947,3150.43,3154.15,3146.72,3166.87,3126.57,3190.73,3110.13,3207.17,3093.7,ASIANPAINT
10,2022-12-02T00:00:00,8650.0,8927.0,8573.05,8900.0,103367,8800.02,8750.02,8850.01,9026.98,8673.03,9153.97,8446.07,9380.93,8219.1,ATUL
11,2022-12-02T00:00:00,469.0,470.9,462.55,470.9,2880077,468.12,466.72,469.51,473.68,465.33,476.47,459.77,482.03,454.2,AUROPHARMA
12,2022-12-02T00:00:00,6730.2,6741.95,6647.0,6671.0,2875466,6686.65,6694.48,6678.83,6726.3,6631.35,6781.6,6591.7,6821.25,6552.05,BAJFINANCE
13,2022-12-02T00:00:00,2060.1,2080.0,2040.0,2063.7,471442,2061.23,2060.0,2062.47,2082.47,2042.47,2101.23,2021.23,2122.47,2000.0,BALKRISIND
14,2022-12-02T00:00:00,375.65,390.55,375.65,386.2,4908093,384.13,383.1,385.17,392.62,377.72,399.03,369.23,407.52,360.75,BALRAMCHIN
15,2022-12-02T00:00:00,1714.05,1737.95,1710.15,1733.95,677666,1727.35,1724.05,1730.65,1744.55,1716.75,1755.15,1699.55,1772.35,1682.35,BATAINDIA
16,2022-12-02T00:00:00,104.55,106.45,104.3,106.15,25973616,105.63,105.38,105.89,106.97,104.82,107.78,103.48,109.12,102.15,BEL
17,2022-12-02T00:00:00,620.4,620.4,614.0,616.5,1100694,616.97,617.2,616.73,619.93,613.53,623.37,610.57,626.33,607.6,BERGEPAINT
18,2022-12-02T00:00:00,848.75,856.9,839.0,855.4,1947632,850.43,847.95,852.92,861.87,843.97,868.33,832.53,879.77,821.1,BHARATFORG
19,2022-12-02T00:00:00,85.15,91.25,84.8,90.75,302895028,88.93,88.02,89.84,93.07,86.62,95.38,82.48,99.52,78.35,BHEL
20,2022-12-02T00:00:00,594.95,594.95,586.95,591.3,5569445,591.07,590.95,591.18,595.18,587.18,599.07,583.07,603.18,578.95,HDFCLIFE
21,2022-12-02T00:00:00,339.5,343.35,338.3,341.0,5587872,340.88,340.83,340.94,343.47,338.42,345.93,335.83,348.52,333.25,BPCL
22,2022-12-02T00:00:00,4400.0,4444.05,4380.3,4415.0,1059946,4413.12,4412.18,4414.06,4445.93,4382.18,4476.87,4349.37,4509.68,4316.55,BRITANNIA
23,2022-12-02T00:00:00,549.95,553.5,547.65,551.4,811749,550.85,550.58,551.12,554.05,548.2,556.7,545.0,559.9,541.8,CANFINHOME
24,2022-12-02T00:00:00,302.05,304.7,300.6,302.35,2622448,302.55,302.65,302.45,304.5,300.4,306.65,298.45,308.6,296.5,CHAMBLFERT
25,2022-12-02T00:00:00,187.35,191.5,187.3,190.6,11134811,189.8,189.4,190.2,192.3,188.1,194.0,185.6,196.5,183.1,EXIDEIND
26,2022-12-02T00:00:00,729.0,733.85,724.5,730.35,2227331,729.57,729.18,729.96,734.63,725.28,738.92,720.22,743.98,715.15,CHOLAFIN
27,2022-12-02T00:00:00,1124.9,1124.9,1099.0,1120.0,5170567,1114.63,1111.95,1117.32,1130.27,1104.37,1140.53,1088.73,1156.17,1073.1,CIPLA
28,2022-12-02T00:00:00,918.45,921.6,911.0,914.45,727395,915.68,916.3,915.07,920.37,909.77,926.28,905.08,930.97,900.4,COROMANDEL
29,2022-12-02T00:00:00,584.9,592.95,576.5,589.05,7106194,586.17,584.72,587.61,595.83,579.38,602.62,569.72,612.28,560.05,DABUR
30,2022-12-02T00:00:00,4484.95,4524.0,4460.15,4510.1,831601,4498.08,4492.08,4504.09,4536.02,4472.17,4561.93,4434.23,4599.87,4396.3,DRREDDY
31,2022-12-02T00:00:00,3435.0,3435.0,3325.0,3331.0,2900469,3363.67,3380.0,3347.33,3402.33,3292.33,3473.67,3253.67,3512.33,3215.0,EICHERMOT
32,2022-12-02T00:00:00,2345.0,2345.0,2299.0,2314.9,460796,2319.63,2322.0,2317.27,2340.27,2294.27,2365.63,2273.63,2386.27,2253.0,ESCORTS
33,2022-12-02T00:00:00,132.9,133.9,132.0,133.35,13799232,133.08,132.95,133.22,134.17,132.27,134.98,131.18,136.07,130.1,FEDERALBNK
34,2022-12-02T00:00:00,595.6,599.9,590.1,596.0,2366557,595.33,595.0,595.67,600.57,590.77,605.13,585.53,610.37,580.3,GNFC
35,2022-12-02T00:00:00,1796.8,1824.7,1786.0,1817.4,2701404,1809.37,1805.35,1813.38,1832.73,1794.03,1848.07,1770.67,1871.43,1747.3,GRASIM
36,2022-12-02T00:00:00,582.55,584.15,573.4,577.3,14185993,578.28,578.78,577.79,583.17,572.42,589.03,567.53,593.92,562.65,AMBUJACEM
37,2022-12-02T00:00:00,2672.0,2684.95,2663.0,2666.0,5364541,2671.32,2673.98,2668.66,2679.63,2657.68,2693.27,2649.37,2701.58,2641.05,HDFC
38,2022-12-02T00:00:00,1610.0,1618.6,1605.15,1607.75,7777032,1610.5,1611.88,1609.12,1615.85,1602.4,1623.95,1597.05,1629.3,1591.7,HDFCBANK
39,2022-12-02T00:00:00,2865.0,2865.0,2813.0,2816.05,1050406,2831.35,2839.0,2823.7,2849.7,2797.7,2883.35,2779.35,2901.7,2761.0,HEROMOTOCO
40,2022-12-02T00:00:00,463.3,470.4,458.0,460.6,13216969,463.0,464.2,461.8,468.0,455.6,475.4,450.6,480.4,445.6,HINDALCO
41,2022-12-02T00:00:00,2660.0,2660.0,2607.15,2620.0,4201430,2629.05,2633.58,2624.52,2650.95,2598.1,2681.9,2576.2,2703.8,2554.3,HINDUNILVR
42,2022-12-02T00:00:00,236.45,238.65,234.25,235.85,8409543,236.25,236.45,236.05,238.25,233.85,240.65,231.85,242.65,229.85,HINDPETRO
43,2022-12-02T00:00:00,324.5,326.75,322.5,324.0,5067138,324.42,324.62,324.21,326.33,322.08,328.67,320.17,330.58,318.25,INDHOTEL
44,2022-12-02T00:00:00,248.7,251.8,247.55,248.7,11114209,249.35,249.68,249.02,251.15,246.9,253.6,245.1,255.4,243.3,INDIACEM
45,2022-12-02T00:00:00,1656.0,1661.8,1633.95,1640.95,8538561,1645.57,1647.88,1643.26,1657.18,1629.33,1673.42,1617.72,1685.03,1606.1,INFY
46,2022-12-02T00:00:00,76.2,77.2,76.0,76.95,36365368,76.72,76.6,76.83,77.43,76.23,77.92,75.52,78.63,74.8,IOC
47,2022-12-02T00:00:00,862.25,875.0,857.5,867.05,614537,866.52,866.25,866.78,875.53,858.03,884.02,849.02,893.03,840.0,IPCALAB
48,2022-12-02T00:00:00,339.35,340.8,336.75,337.5,16758009,338.35,338.78,337.92,339.95,335.9,342.4,334.3,344.0,332.7,ITC
49,2022-12-02T00:00:00,1426.7,1444.5,1426.7,1442.0,835488,1437.73,1435.6,1439.87,1448.77,1430.97,1455.53,1419.93,1466.57,1408.9,CUMMINSIND
50,2022-12-02T00:00:00,1917.1,1934.9,1917.1,1933.0,3163889,1928.33,1926.0,1930.67,1939.57,1921.77,1946.13,1910.53,1957.37,1899.3,KOTAKBANK
51,2022-12-02T00:00:00,1464.0,1477.4,1460.4,1469.0,571897,1468.93,1468.9,1468.97,1477.47,1460.47,1485.93,1451.93,1494.47,1443.4,TRENT
52,2022-12-02T00:00:00,393.9,396.8,390.15,393.2,1880999,393.38,393.48,393.29,396.62,389.97,400.03,386.73,403.27,383.5,LICHSGFIN
53,2022-12-02T00:00:00,1286.45,1293.8,1260.0,1266.95,5776673,1273.58,1276.9,1270.27,1287.17,1253.37,1307.38,1239.78,1320.97,1226.2,M&M
54,2022-12-02T00:00:00,680.0,694.55,676.25,687.0,1910189,685.93,685.4,686.47,695.62,677.32,704.23,667.63,713.92,657.95,RAMCOCEM
55,2022-12-02T00:00:00,701.25,711.0,698.75,705.9,674649,705.22,704.88,705.56,711.68,699.43,717.47,692.97,723.93,686.5,MFSL
56,2022-12-02T00:00:00,17098.0,17240.0,16993.55,17115.3,59660,17116.28,17116.78,17115.79,17239.02,16992.57,17362.73,16869.83,17485.47,16747.1,BOSCHLTD
57,2022-12-02T00:00:00,236.85,243.0,236.05,240.0,35429174,239.68,239.52,239.84,243.32,236.37,246.63,232.73,250.27,229.1,BANDHANBNK
58,2022-12-02T00:00:00,94490.0,94988.0,93234.0,94499.95,23897,94240.65,94111.0,94370.3,95247.3,93493.3,95994.65,92486.65,97001.3,91480.0,MRF
59,2022-12-02T00:00:00,2752.4,2807.0,2745.0,2772.0,1870888,2774.67,2776.0,2773.33,2804.33,2742.33,2836.67,2712.67,2866.33,2683.0,HAL
60,2022-12-02T00:00:00,868.85,869.5,853.0,858.0,1387994,860.17,861.25,859.08,867.33,850.83,876.67,843.67,883.83,836.5,PEL
61,2022-12-02T00:00:00,141.85,144.8,140.55,140.75,48793131,142.03,142.68,141.39,143.52,139.27,146.28,137.78,147.77,136.3,ONGC
62,2022-12-02T00:00:00,2733.55,2743.95,2705.0,2735.0,393388,2727.98,2724.48,2731.49,2750.97,2712.02,2766.93,2689.03,2789.92,2666.05,PIDILITIND
63,2022-12-02T00:00:00,2730.0,2748.0,2700.6,2725.9,10663403,2724.83,2724.3,2725.37,2749.07,2701.67,2772.23,2677.43,2796.47,2653.2,RELIANCE
64,2022-12-02T00:00:00,85.95,87.45,85.5,86.8,40503345,86.58,86.48,86.69,87.67,85.72,88.53,84.63,89.62,83.55,SAIL
65,2022-12-02T00:00:00,607.5,609.6,604.25,607.6,15034031,607.15,606.92,607.38,610.05,604.7,612.5,601.8,615.4,598.9,SBIN
66,2022-12-02T00:00:00,310.15,315.85,308.4,313.5,28995968,312.58,312.12,313.04,316.77,309.32,320.03,305.13,324.22,300.95,VEDL
67,2022-12-02T00:00:00,24000.0,24162.0,23510.0,24050.0,56827,23907.33,23836.0,23978.67,24304.67,23652.67,24559.33,23255.33,24956.67,22858.0,SHREECEM
68,2022-12-02T00:00:00,2776.0,2776.4,2725.85,2775.0,601335,2759.08,2751.12,2767.04,2792.32,2741.77,2809.63,2708.53,2842.87,2675.3,SIEMENS
69,2022-12-02T00:00:00,2398.5,2405.0,2360.0,2395.0,971958,2386.67,2382.5,2390.83,2413.33,2368.33,2431.67,2341.67,2458.33,2315.0,SRF
70,2022-12-02T00:00:00,1048.3,1049.85,1034.8,1041.75,4567355,1042.13,1042.32,1041.94,1049.47,1034.42,1057.18,1027.08,1064.52,1019.75,SUNPHARMA
71,2022-12-02T00:00:00,1048.0,1053.0,1031.05,1039.5,2042514,1041.18,1042.03,1040.34,1051.32,1029.37,1063.13,1019.23,1073.27,1009.1,TATACHEM
72,2022-12-02T00:00:00,42200.0,42649.95,42060.05,42308.55,9806,42339.52,42355.0,42324.03,42618.98,42029.08,42929.42,41749.62,43208.88,41470.15,HONAUT
73,2022-12-02T00:00:00,225.45,226.35,223.85,225.2,14400221,225.13,225.1,225.17,226.42,223.92,227.63,222.63,228.92,221.35,TATAPOWER
74,2022-12-02T00:00:00,810.0,812.5,792.2,796.5,5756635,800.4,802.35,798.45,808.6,788.3,820.7,780.1,828.9,771.9,TATACONSUM
75,2022-12-02T00:00:00,439.0,441.15,435.0,435.5,16669565,437.22,438.08,436.36,439.43,433.28,443.37,431.07,445.58,428.85,TATAMOTORS
76,2022-12-02T00:00:00,110.8,112.5,110.15,112.0,140548022,111.55,111.32,111.78,112.95,110.6,113.9,109.2,115.3,107.8,TATASTEEL
77,2022-12-02T00:00:00,2648.0,2651.4,2605.0,2612.4,1461218,2622.93,2628.2,2617.67,2640.87,2594.47,2669.33,2576.53,2687.27,2558.6,TITAN
78,2022-12-02T00:00:00,1641.9,1650.0,1613.35,1625.95,782997,1629.77,1631.68,1627.86,1646.18,1609.53,1666.42,1593.12,1682.83,1576.7,TORNTPHARM
79,2022-12-02T00:00:00,842.0,856.3,838.55,854.0,2874040,849.62,847.42,851.81,860.68,842.93,867.37,831.87,878.43,820.8,VOLTAS
80,2022-12-02T00:00:00,1293.0,1339.9,1290.0,1321.0,1693746,1316.97,1314.95,1318.98,1343.93,1294.03,1366.87,1267.07,1393.83,1240.1,TATACOMM
81,2022-12-02T00:00:00,413.8,413.9,409.05,412.25,11704957,411.73,411.48,411.99,414.42,409.57,416.58,406.88,419.27,404.2,WIPRO
82,2022-12-02T00:00:00,266.0,271.9,265.15,270.45,12834347,269.17,268.52,269.81,273.18,266.43,275.92,262.42,279.93,258.4,ZEEL
83,2022-12-02T00:00:00,501.05,505.85,498.6,503.35,3084753,502.6,502.22,502.98,506.6,499.35,509.85,495.35,513.85,491.35,MARICO
84,2022-12-02T00:00:00,74.0,74.85,73.0,74.05,25193614,73.97,73.92,74.01,74.93,73.08,75.82,72.12,76.78,71.15,MOTHERSON
85,2022-12-02T00:00:00,2199.85,2229.9,2186.0,2190.0,717173,2201.97,2207.95,2195.98,2217.93,2174.03,2245.87,2158.07,2261.83,2142.1,HDFCAMC
86,2022-12-02T00:00:00,1286.65,1298.2,1268.0,1286.35,2063775,1284.18,1283.1,1285.27,1300.37,1270.17,1314.38,1253.98,1330.57,1237.8,SRTRANSFIN
87,2022-12-02T00:00:00,2160.0,2168.0,2133.7,2158.05,1435607,2153.25,2150.85,2155.65,2172.8,2138.5,2187.55,2118.95,2207.1,2099.4,MPHASIS
88,2022-12-02T00:00:00,171.8,174.25,170.6,171.45,48817340,172.1,172.42,171.77,173.6,169.95,175.75,168.45,177.25,166.95,BANKBARODA
89,2022-12-02T00:00:00,94.0,94.15,93.05,93.2,18929741,93.47,93.6,93.33,93.88,92.78,94.57,92.37,94.98,91.95,GAIL
90,2022-12-02T00:00:00,773.45,784.0,768.2,781.55,2433246,777.92,776.1,779.73,787.63,771.83,793.72,762.12,803.43,752.4,CONCOR
91,2022-12-02T00:00:00,928.25,934.5,926.1,929.0,28210819,929.87,930.3,929.43,933.63,925.23,938.27,921.47,942.03,917.7,ICICIBANK
92,2022-12-02T00:00:00,1169.65,1185.75,1167.05,1179.8,4597758,1177.53,1176.4,1178.67,1188.02,1169.32,1196.23,1158.83,1206.72,1148.35,INDUSINDBK
93,2022-12-02T00:00:00,190.5,193.0,189.95,191.1,7132783,191.35,191.48,191.22,192.75,189.7,194.4,188.3,195.8,186.9,CUB
94,2022-12-02T00:00:00,898.3,907.0,891.4,905.05,15954217,901.15,899.2,903.1,910.9,895.3,916.75,885.55,926.5,875.8,AXISBANK
95,2022-12-02T00:00:00,466.5,472.4,461.3,471.85,715426,468.52,466.85,470.18,475.73,464.63,479.62,457.42,486.83,450.2,INTELLECT
96,2022-12-02T00:00:00,77.8,78.7,77.65,78.0,15228492,78.12,78.18,78.06,78.58,77.53,79.17,77.07,79.63,76.6,NATIONALUM
97,2022-12-02T00:00:00,564.45,570.8,560.5,564.2,8248619,565.17,565.65,564.68,569.83,559.53,575.47,554.87,580.13,550.2,JINDALSTEL
98,2022-12-02T00:00:00,325.4,333.0,321.75,331.1,11734377,328.62,327.38,329.86,335.48,324.23,339.87,317.37,346.73,310.5,BSOFT
99,2022-12-02T00:00:00,1136.4,1140.4,1123.85,1140.0,5883558,1134.75,1132.12,1137.38,1145.65,1129.1,1151.3,1118.2,1162.2,1107.3,HCLTECH
100,2022-12-02T00:00:00,430.7,436.5,426.55,433.95,1053227,432.33,431.52,433.14,438.12,428.17,442.28,422.38,448.07,416.6,GLENMARK
101,2022-12-02T00:00:00,410.4,416.5,409.2,414.5,1479301,413.4,412.85,413.95,417.6,410.3,420.7,406.1,424.9,401.9,ZYDUSLIFE
102,2022-12-02T00:00:00,1898.0,1942.0,1892.0,1936.85,742704,1923.62,1917.0,1930.23,1955.23,1905.23,1973.62,1873.62,2005.23,1842.0,DALBHARAT
103,2022-12-02T00:00:00,1050.0,1053.9,1031.0,1049.6,2079571,1044.83,1042.45,1047.22,1058.67,1035.77,1067.73,1021.93,1081.57,1008.1,TVSMOTOR
104,2022-12-02T00:00:00,1476.55,1492.4,1464.0,1477.85,365439,1478.08,1478.2,1477.97,1492.17,1463.77,1506.48,1449.68,1520.57,1435.6,METROPOLIS
105,2022-12-02T00:00:00,2616.0,2709.0,2601.0,2676.0,1283145,2662.0,2655.0,2669.0,2723.0,2615.0,2770.0,2554.0,2831.0,2493.0,POLYCAB
106,2022-12-02T00:00:00,1249.0,1252.9,1232.05,1238.8,889548,1241.25,1242.47,1240.03,1250.45,1229.6,1262.1,1220.4,1271.3,1211.2,HAVELLS
107,2022-12-02T00:00:00,877.0,883.85,865.1,881.95,1366625,876.97,874.48,879.46,888.83,870.08,895.72,858.22,907.58,846.35,GODREJCP
108,2022-12-02T00:00:00,611.45,611.45,596.0,604.95,658428,604.13,603.72,604.54,612.27,596.82,619.58,588.68,627.72,580.55,SYNGENE
109,2022-12-02T00:00:00,769.95,779.0,762.4,772.2,1912333,771.2,770.7,771.7,780.0,763.4,787.8,754.6,796.6,745.8,LUPIN
110,2022-12-02T00:00:00,930.0,939.95,924.5,934.05,3155529,932.83,932.22,933.44,941.17,925.72,948.28,917.38,956.62,909.05,MCDOWELL-N
111,2022-12-02T00:00:00,510.0,522.9,508.25,516.0,4649544,515.72,515.58,515.86,523.18,508.53,530.37,501.07,537.83,493.6,GUJGASLTD
112,2022-12-02T00:00:00,851.4,851.95,839.1,848.9,7002621,846.65,845.53,847.77,854.2,841.35,859.5,833.8,867.05,826.25,BHARTIARTL
113,2022-12-02T00:00:00,53.3,54.25,52.75,53.9,193004281,53.63,53.5,53.77,54.52,53.02,55.13,52.13,56.02,51.25,PNB
114,2022-12-02T00:00:00,4430.0,4475.0,4414.55,4465.0,72086,4451.52,4444.77,4458.26,4488.48,4428.03,4511.97,4391.07,4548.93,4354.1,INDIAMART
115,2022-12-02T00:00:00,3128.95,3295.0,3125.05,3217.0,1079172,3212.35,3210.02,3214.68,3299.65,3129.7,3382.3,3042.4,3469.6,2955.1,OFSS
116,2022-12-02T00:00:00,320.55,324.0,317.9,318.5,10685659,320.13,320.95,319.32,322.37,316.27,326.23,314.03,328.47,311.8,CANBK
117,2022-12-02T00:00:00,3395.0,3395.0,3332.0,3383.9,949913,3370.3,3363.5,3377.1,3408.6,3345.6,3433.3,3307.3,3471.6,3269.0,DIVISLAB
118,2022-12-02T00:00:00,8820.0,8928.9,8754.75,8823.0,1932154,8835.55,8841.83,8829.28,8916.35,8742.2,9009.7,8661.4,9090.5,8580.6,MARUTI
119,2022-12-02T00:00:00,58.7,59.35,58.55,59.05,54532548,58.98,58.95,59.02,59.42,58.62,59.78,58.18,60.22,57.75,IDFCFIRSTB
120,2022-12-02T00:00:00,1936.95,1952.85,1912.1,1912.2,766336,1925.72,1932.48,1918.96,1939.33,1898.58,1966.47,1884.97,1980.08,1871.35,INDIGO
121,2022-12-02T00:00:00,436.0,440.35,432.0,437.0,5376186,436.45,436.18,436.72,440.9,432.55,444.8,428.1,449.25,423.65,IGL
122,2022-12-02T00:00:00,780.1,785.0,768.0,784.8,4671726,779.27,776.5,782.03,790.53,773.53,796.27,762.27,807.53,751.0,UPL
123,2022-12-02T00:00:00,210.85,213.85,210.2,212.95,8430746,212.33,212.02,212.64,214.47,210.82,215.98,208.68,218.12,206.55,PETRONET
124,2022-12-02T00:00:00,285.5,285.55,282.0,283.2,1970437,283.58,283.77,283.39,285.17,281.62,287.13,280.03,288.72,278.45,BIOCON
125,2022-12-02T00:00:00,2096.1,2098.9,2069.15,2091.55,3911190,2086.53,2084.02,2089.04,2103.92,2074.17,2116.28,2056.78,2133.67,2039.4,LT
126,2022-12-02T00:00:00,7275.0,7299.0,7159.0,7230.0,884316,7229.33,7229.0,7229.67,7299.67,7159.67,7369.33,7089.33,7439.67,7019.0,ULTRACEMCO
127,2022-12-02T00:00:00,3458.1,3468.9,3413.0,3437.1,4771707,3439.67,3440.95,3438.38,3466.33,3410.43,3495.57,3383.77,3522.23,3357.1,TCS
128,2022-12-02T00:00:00,4137.0,4253.0,4120.1,4250.0,1040484,4207.7,4186.55,4228.85,4295.3,4162.4,4340.6,4074.8,4428.2,3987.2,COFORGE
129,2022-12-02T00:00:00,172.4,172.85,171.15,172.3,12745721,172.1,172.0,172.2,173.05,171.35,173.8,170.4,174.75,169.45,NTPC
130,2022-12-02T00:00:00,2450.95,2485.0,2439.0,2478.0,498210,2467.33,2462.0,2472.67,2495.67,2449.67,2513.33,2421.33,2541.67,2393.0,LALPATHLAB
131,2022-12-02T00:00:00,3140.0,3156.65,3045.55,3132.0,49790,3111.4,3101.1,3121.7,3177.25,3066.15,3222.5,3000.3,3288.35,2934.45,ALKEM
132,2022-12-02T00:00:00,746.65,751.3,740.55,744.55,2781580,745.47,745.92,745.01,750.38,739.63,756.22,734.72,761.13,729.8,JSWSTEEL
133,2022-12-02T00:00:00,341.55,342.8,335.65,339.6,1678152,339.35,339.22,339.47,343.05,335.9,346.5,332.2,350.2,328.5,GRANULES
134,2022-12-02T00:00:00,82.95,84.25,82.4,83.6,12143206,83.42,83.32,83.51,84.43,82.58,85.27,81.57,86.28,80.55,IDFC
135,2022-12-02T00:00:00,1907.3,1914.75,1872.15,1898.0,810073,1894.97,1893.45,1896.48,1917.78,1875.18,1937.57,1852.37,1960.38,1829.55,PVR
136,2022-12-02T00:00:00,265.95,268.9,262.65,263.55,1150623,265.03,265.77,264.29,267.42,261.17,271.28,258.78,273.67,256.4,GSPL
137,2022-12-02T00:00:00,3201.95,3247.7,3195.05,3234.95,241964,3225.9,3221.38,3230.42,3256.75,3204.1,3278.55,3173.25,3309.4,3142.4,JKCEMENT
138,2022-12-02T00:00:00,219.75,230.4,219.45,228.0,14953143,225.95,224.92,226.98,232.45,221.5,236.9,215.0,243.4,208.5,M&MFIN
139,2022-12-02T00:00:00,494.65,501.5,490.85,491.6,5984032,494.65,496.18,493.13,498.45,487.8,505.3,484.0,509.1,480.2,SUNTV
140,2022-12-02T00:00:00,42.75,43.65,42.6,42.8,28869683,43.02,43.12,42.91,43.43,42.38,44.07,41.97,44.48,41.55,GMRINFRA
141,2022-12-02T00:00:00,1101.5,1116.3,1100.05,1113.5,6832209,1109.95,1108.18,1111.73,1119.85,1103.6,1126.2,1093.7,1136.1,1083.8,TECHM
142,2022-12-02T00:00:00,735.0,735.0,727.3,730.0,1848477,730.77,731.15,730.38,734.23,726.53,738.47,723.07,741.93,719.6,IRCTC
143,2022-12-02T00:00:00,4029.35,4054.6,4011.0,4049.95,402134,4038.52,4032.8,4044.23,4066.03,4022.43,4082.12,3994.92,4109.63,3967.4,NAUKRI
144,2022-12-02T00:00:00,541.85,551.5,540.25,550.0,687886,547.25,545.88,548.62,554.25,543.0,558.5,536.0,565.5,529.0,TORNTPOWER
145,2022-12-02T00:00:00,139.5,139.7,137.0,139.25,10441347,138.65,138.35,138.95,140.3,137.6,141.35,135.95,143.0,134.3,PFC
146,2022-12-02T00:00:00,112.8,115.0,111.95,113.3,6144680,113.42,113.48,113.36,114.88,111.83,116.47,110.37,117.93,108.9,FSL
147,2022-12-02T00:00:00,8.15,8.35,8.15,8.3,100087686,8.27,8.25,8.28,8.38,8.18,8.47,8.07,8.58,7.95,IDEA
148,2022-12-02T00:00:00,47501.0,47780.9,47200.1,47569.85,20704,47516.95,47490.5,47543.4,47833.8,47253.0,48097.75,46936.15,48414.6,46619.3,PAGEIND
149,2022-12-02T00:00:00,1937.0,2025.0,1930.0,2017.9,3283678,1990.97,1977.5,2004.43,2051.93,1956.93,2085.97,1895.97,2146.93,1835.0,ASTRAL
150,2022-12-02T00:00:00,4368.05,4424.9,4335.0,4416.3,198348,4392.07,4379.95,4404.18,4449.13,4359.23,4481.97,4302.17,4539.03,4245.1,NAVINFLUOR
151,2022-12-02T00:00:00,414.8,416.25,409.85,410.6,13460688,412.23,413.05,411.42,414.62,408.22,418.63,405.83,421.02,403.45,DLF
152,2022-12-02T00:00:00,218.55,221.5,218.55,219.8,18957277,219.95,220.02,219.88,221.35,218.4,222.9,217.0,224.3,215.6,POWERGRID
153,2022-12-02T00:00:00,228.0,231.9,227.6,228.8,6109039,229.43,229.75,229.12,231.27,226.97,233.73,225.13,235.57,223.3,DELTACORP
154,2022-12-02T00:00:00,894.0,903.6,884.25,886.5,12543642,891.45,893.92,888.97,898.65,879.3,910.8,872.1,918.0,864.9,ADANIPORTS
155,2022-12-02T00:00:00,1610.0,1635.0,1608.5,1618.95,1708557,1620.82,1621.75,1619.88,1633.13,1606.63,1647.32,1594.32,1659.63,1582.0,COLPAL
156,2022-12-02T00:00:00,120.65,121.45,119.55,119.7,11030687,120.23,120.5,119.97,120.92,119.02,122.13,118.33,122.82,117.65,NMDC
157,2022-12-02T00:00:00,186.85,188.15,184.05,185.45,2526496,185.88,186.1,185.67,187.72,183.62,189.98,181.78,191.82,179.95,RAIN
158,2022-12-02T00:00:00,111.5,111.5,110.2,111.0,12228298,110.9,110.85,110.95,111.6,110.3,112.2,109.6,112.9,108.9,RECLTD
159,2022-12-02T00:00:00,3707.0,3712.35,3640.8,3660.0,699361,3671.05,3676.58,3665.52,3701.3,3629.75,3742.6,3599.5,3772.85,3569.25,BAJAJ-AUTO
160,2022-12-02T00:00:00,1632.2,1653.0,1625.25,1644.0,3360637,1640.75,1639.12,1642.38,1656.25,1628.5,1668.5,1613.0,1684.0,1597.5,BAJAJFINSV
161,2022-12-02T00:00:00,1704.2,1757.5,1690.2,1735.0,1411104,1727.57,1723.85,1731.28,1764.93,1697.63,1794.87,1660.27,1832.23,1622.9,UBL
162,2022-12-02T00:00:00,371.05,372.2,366.3,370.0,1379002,369.5,369.25,369.75,372.7,366.8,375.4,363.6,378.6,360.4,CROMPTON
163,2022-12-02T00:00:00,904.5,918.0,899.0,905.0,977811,907.33,908.5,906.17,915.67,896.67,926.33,888.33,934.67,880.0,MGL
164,2022-12-02T09:15:00,5024.0,5125.0,4970.0,5062.0,782219,5052.33,5047.5,5057.17,5134.67,4979.67,5207.33,4897.33,5289.67,4815.0,LTI
165,2022-12-02T00:00:00,1327.0,1342.65,1320.05,1330.25,1656377,1330.98,1331.35,1330.62,1341.92,1319.32,1353.58,1308.38,1364.52,1297.45,GODREJPROP
166,2022-12-02T00:00:00,20550.0,20550.0,20100.0,20155.0,18758,20268.33,20325.0,20211.67,20436.67,19986.67,20718.33,19818.33,20886.67,19650.0,ABBOTINDIA
167,2022-12-02T00:00:00,118.3,120.5,117.5,118.6,5828627,118.87,119.0,118.73,120.23,117.23,121.87,115.87,123.23,114.5,HINDCOPPER
168,2022-12-02T00:00:00,20049.5,20137.7,19679.25,19755.0,139102,19857.32,19908.47,19806.16,20035.38,19576.93,20315.77,19398.87,20493.83,19220.8,NESTLEIND
169,2022-12-02T00:00:00,834.45,839.75,823.4,837.55,2012422,833.57,831.58,835.56,843.73,827.38,849.92,817.22,860.08,807.05,SBICARD
170,2022-12-02T00:00:00,1523.95,1540.0,1518.0,1539.0,216910,1532.33,1529.0,1535.67,1546.67,1524.67,1554.33,1510.33,1568.67,1496.0,WHIRLPOOL
171,2022-12-02T00:00:00,547.4,551.0,544.25,548.2,3994830,547.82,547.62,548.01,551.38,544.63,554.57,541.07,558.13,537.5,JUBLFOOD
172,2022-12-02T00:00:00,4330.0,4398.0,4312.85,4343.0,980478,4351.28,4355.42,4347.14,4389.72,4304.57,4436.43,4266.13,4474.87,4227.7,PERSISTENT
173,2022-12-02T00:00:00,153.3,154.95,152.0,152.0,14548754,152.98,153.48,152.49,153.97,151.02,155.93,150.03,156.92,149.05,RBLBANK
174,2022-12-02T00:00:00,4145.0,4318.7,4111.0,4289.0,2906220,4239.57,4214.85,4264.28,4368.13,4160.43,4447.27,4031.87,4575.83,3903.3,LTTS
175,2022-12-02T00:00:00,478.3,483.45,474.1,482.0,3130704,479.85,478.78,480.92,485.6,476.25,489.2,470.5,494.95,464.75,ICICIPRULI
176,2022-12-02T00:00:00,116.45,120.15,115.9,119.2,22178112,118.42,118.02,118.81,120.93,116.68,122.67,114.17,125.18,111.65,MANAPPURAM
177,2022-12-02T00:00:00,413.0,426.3,413.0,423.0,4319619,420.77,419.65,421.88,428.53,415.23,434.07,407.47,441.83,399.7,LAURUSLABS
178,2022-12-02T00:00:00,2170.0,2217.85,2153.65,2210.1,904355,2193.87,2185.75,2201.98,2234.08,2169.88,2258.07,2129.67,2298.28,2089.45,DEEPAKNTR
179,2022-12-02T00:00:00,965.0,976.9,948.7,952.4,2690614,959.33,962.8,955.87,969.97,941.77,987.53,931.13,998.17,920.5,OBEROIRLTY
180,2022-12-02T00:00:00,226.1,228.0,225.3,226.7,12629645,226.67,226.65,226.68,228.03,225.33,229.37,223.97,230.73,222.6,COALINDIA
181,2022-12-02T00:00:00,637.9,649.95,630.2,648.05,4022515,642.73,640.08,645.39,655.27,635.52,662.48,622.98,675.02,610.45,AUBANK
182,2022-12-02T00:00:00,145.25,153.3,145.0,151.25,32687176,149.85,149.15,150.55,154.7,146.4,158.15,141.55,163.0,136.7,ABCAPITAL
183,2022-12-02T00:00:00,4389.0,4414.9,4360.0,4374.0,223877,4382.97,4387.45,4378.48,4405.93,4351.03,4437.87,4328.07,4460.83,4305.1,DIXON
184,2022-12-02T00:00:00,1224.6,1253.95,1222.05,1245.0,1727592,1240.33,1238.0,1242.67,1258.62,1226.72,1272.23,1208.43,1290.52,1190.15,ICICIGI
185,2022-12-02T00:00:00,1292.0,1299.95,1265.0,1295.0,3228045,1286.65,1282.47,1290.82,1308.3,1273.35,1321.6,1251.7,1343.25,1230.05,SBILIFE
186,2022-12-02T00:00:00,1113.3,1138.35,1105.6,1137.5,2332046,1127.15,1121.97,1132.32,1148.7,1115.95,1159.9,1094.4,1181.45,1072.85,MUTHOOTFIN
187,2022-12-02T00:00:00,3500.0,3510.95,3412.0,3475.95,818513,3466.3,3461.48,3471.12,3520.6,3421.65,3565.25,3367.35,3619.55,3313.05,PIIND
188,2022-12-02T00:00:00,88.4,92.25,88.15,91.3,56954255,90.57,90.2,90.93,92.98,88.88,94.67,86.47,97.08,84.05,L&TFH
189,2022-12-02T00:00:00,201.65,204.4,201.3,202.15,2236916,202.62,202.85,202.38,203.93,200.83,205.72,199.52,207.03,198.2,INDUSTOWER
190,2022-12-02T00:00:00,315.5,319.0,312.5,316.6,2303787,316.03,315.75,316.32,319.57,313.07,322.53,309.53,326.07,306.0,ABFRL
191,2022-12-02T00:00:00,142.0,143.2,141.4,142.8,10201398,142.47,142.3,142.63,143.53,141.73,144.27,140.67,145.33,139.6,IBULHSGFIN
192,2022-12-02T00:00:00,1565.0,1579.0,1549.55,1559.0,494479,1562.52,1564.28,1560.76,1575.48,1546.03,1591.97,1533.07,1604.93,1520.1,MCX
193,2022-12-02T09:15:00,18752.4,18781.95,18639.2,18696.1,0,18705.75,18710.58,18700.92,18772.3,18629.55,18848.5,18563.0,18915.05,18496.45,NIFTY
194,2022-12-02T09:15:00,42976.7,43131.9,42937.8,43103.75,0,43057.82,43034.85,43080.78,43177.83,42983.73,43251.92,42863.72,43371.93,42743.7,BANKNIFTY
195,2022-12-02T09:15:00,19232.3,19292.55,19193.0,19249.55,0,19245.03,19242.78,19247.29,19297.07,19197.52,19344.58,19145.48,19396.62,19093.45,FINNIFTY
196,2022-12-02T09:15:00,13.36,14.09,0.0,13.45,0,9.18,7.05,11.32,18.36,4.27,23.27,-4.91,32.45,-14.09,India
